{
  "total_ed_visits": 424952,
  "admitted_visits": 202990,
  "admission_rate": 0.4776774788682016,
  "age_mean": 52.865067113462224,
  "age_std": 20.619788585478076,
  "age_median": 53.0,
  "pct_female": 0.5408563790734012,
  "ed_los_mean": 7.159317207198303,
  "ed_los_median": 5.466666666666667,
  "icu_24h_prev": 0.06358835821457483,
  "det_24h_prev": 0.0638001468401137,
  "det_48h_prev": 0.0674264387507295,
  "death_24h_prev": 0.00293117887580669,
  "death_48h_prev": 0.005512586826937288,
  "death_hosp_prev": 0.022597172274496282,
  "cardiac_arrest_prev": 0.002438543770629095,
  "acs_hosp_prev": 0.030518744765752007,
  "revasc_hosp_prev": 0.006354992856790975,
  "ecg_w1_coverage": 0.3604364747031874,
  "ecg_w6_coverage": 0.47022020789201435,
  "sbp_6h_complete": 0.9362939814379035,
  "hr_6h_complete": 0.9372940943918372,
  "lactate_6h_complete": 0.052648299102016224,
  "troponin_6h_complete": 0.011074191908733221,
  "creat_6h_complete": 0.0977804552043525,
  "n_features_w1": 18,
  "n_features_w6": 56,
  "n_features_w24": 61
}