{
  "window_comparison": {
    "W1_LR": {
      "auroc_mean": 0.887538137484408,
      "auroc_std": 0.004650235840690664,
      "auprc_mean": 0.3991610977773018,
      "auprc_std": 0.02403390842308542,
      "f1_mean": 0.3533708109136254,
      "f1_std": 0.006462133164038575
    },
    "W1_XGB": {
      "auroc_mean": 0.9029348571128507,
      "auroc_std": 0.0029763340609942593,
      "auprc_mean": 0.4988113150858352,
      "auprc_std": 0.014716708676783992,
      "f1_mean": 0.42380202603881567,
      "f1_std": 0.008370562698241773
    },
    "W6_LR": {
      "auroc_mean": 0.9241015336459869,
      "auroc_std": 0.0034554763378860437,
      "auprc_mean": 0.5760855650680756,
      "auprc_std": 0.0181982562000998,
      "f1_mean": 0.44026862170280057,
      "f1_std": 0.00844417259484364
    },
    "W6_XGB": {
      "auroc_mean": 0.9355983201617424,
      "auroc_std": 0.004002374277582715,
      "auprc_mean": 0.6599432665737714,
      "auprc_std": 0.016513885872178106,
      "f1_mean": 0.5787843764914584,
      "f1_std": 0.016354365072369544
    },
    "W24_LR": {
      "auroc_mean": 0.9482053994161687,
      "auroc_std": 0.004566863943137288,
      "auprc_mean": 0.6443670823726085,
      "auprc_std": 0.02113776254821348,
      "f1_mean": 0.4718078058738662,
      "f1_std": 0.005532159355299377
    },
    "W24_XGB": {
      "auroc_mean": 0.9577068279320157,
      "auroc_std": 0.004660776270328179,
      "auprc_mean": 0.7411677544137475,
      "auprc_std": 0.01830839184108694,
      "f1_mean": 0.6401371746133304,
      "f1_std": 0.014639187631643529
    }
  },
  "ecg_comparison": {
    "y_cardiac_arrest_hosp_noECG_XGB": {
      "auroc_mean": 0.7915028233223396,
      "auroc_std": 0.07855282180421036,
      "auprc_mean": 0.05812629750959462,
      "auprc_std": 0.028787168839441893,
      "f1_mean": 0.08400537769260868,
      "f1_std": 0.05725244889034786
    },
    "y_cardiac_arrest_hosp_wECG_XGB": {
      "auroc_mean": 0.8590298019055256,
      "auroc_std": 0.033915453998828525,
      "auprc_mean": 0.07216977251125974,
      "auprc_std": 0.0304710961334743,
      "f1_mean": 0.09753693765321672,
      "f1_std": 0.06111856843838321
    },
    "y_acs_hosp_noECG_XGB": {
      "auroc_mean": 0.8496539327792341,
      "auroc_std": 0.005173485719136587,
      "auprc_mean": 0.2538111764854078,
      "auprc_std": 0.02516650418045286,
      "f1_mean": 0.21406992840006148,
      "f1_std": 0.020462847739408336
    },
    "y_acs_hosp_wECG_XGB": {
      "auroc_mean": 0.8689471508802729,
      "auroc_std": 0.003980816453226871,
      "auprc_mean": 0.2719316186917634,
      "auprc_std": 0.02209744514137185,
      "f1_mean": 0.24032727997709222,
      "f1_std": 0.019781370239313666
    }
  },
  "leakage_demo": {
    "proper_W1_LR": {
      "auroc_mean": 0.887538137484408,
      "auroc_std": 0.004650235840690664,
      "auprc_mean": 0.3991610977773018,
      "auprc_std": 0.02403390842308542,
      "f1_mean": 0.3533708109136254,
      "f1_std": 0.006462133164038575
    },
    "proper_W1_XGB": {
      "auroc_mean": 0.9029348571128507,
      "auroc_std": 0.0029763340609942593,
      "auprc_mean": 0.4988113150858352,
      "auprc_std": 0.014716708676783992,
      "f1_mean": 0.42380202603881567,
      "f1_std": 0.008370562698241773
    },
    "leaky_W24_LR": {
      "auroc_mean": 0.9552784753844648,
      "auroc_std": 0.0013905540182239883,
      "auprc_mean": 0.6448261510552614,
      "auprc_std": 0.017136706258038818,
      "f1_mean": 0.48369981716101745,
      "f1_std": 0.004529586606290276
    },
    "leaky_W24_XGB": {
      "auroc_mean": 0.965072502735271,
      "auroc_std": 0.0018222891599789263,
      "auprc_mean": 0.7470715685938112,
      "auprc_std": 0.01439915871326601,
      "f1_mean": 0.6563725775262521,
      "f1_std": 0.011244573522065501
    }
  },
  "mortality": {
    "y_death_24h_LR": {
      "auroc_mean": 0.910929292918081,
      "auroc_std": 0.027483144916405515,
      "auprc_mean": 0.06491777932846214,
      "auprc_std": 0.01944222084016189,
      "f1_mean": 0.04005998187341325,
      "f1_std": 0.0023063498077932195
    },
    "y_death_24h_XGB": {
      "auroc_mean": 0.8777458776013566,
      "auroc_std": 0.055128870121318,
      "auprc_mean": 0.07392915038246686,
      "auprc_std": 0.01784587331216549,
      "f1_mean": 0.1110408163265306,
      "f1_std": 0.01942497441882992
    },
    "y_death_48h_LR": {
      "auroc_mean": 0.9126097977012865,
      "auroc_std": 0.008411754914070127,
      "auprc_mean": 0.12188620360429137,
      "auprc_std": 0.013151265247297247,
      "f1_mean": 0.058430895532968666,
      "f1_std": 0.0024201399940748567
    },
    "y_death_48h_XGB": {
      "auroc_mean": 0.8708395370318849,
      "auroc_std": 0.024440750950088908,
      "auprc_mean": 0.09682731609183151,
      "auprc_std": 0.03238242404567952,
      "f1_mean": 0.12159478096853182,
      "f1_std": 0.056223773372514246
    },
    "y_death_hosp_LR": {
      "auroc_mean": 0.856166712842995,
      "auroc_std": 0.008527046447590583,
      "auprc_mean": 0.17048988130532033,
      "auprc_std": 0.008433607617208225,
      "f1_mean": 0.13833904544753764,
      "f1_std": 0.0024073358862607593
    },
    "y_death_hosp_XGB": {
      "auroc_mean": 0.867081348203922,
      "auroc_std": 0.007325700227447679,
      "auprc_mean": 0.20479171150363365,
      "auprc_std": 0.015261177866804698,
      "f1_mean": 0.14628922096553004,
      "f1_std": 0.01496871024587481
    }
  }
}